Designator,Mid X,Mid Y,Layer,Rotation
C1,113.2,-81.9,B,0
C2,155.6,-114.11,B,-90
C3,145.89,-116.81,B,-90
C4,143.89,-109.66,B,-90
C6,113.65,-92.7,B,180
C7,114.5,-97.75,B,-90
C8,107.3,-88.5,B,90
D2,140.39,-87.01,B,90
D3,143.19,-89.31,B,90
D4,145.94,-91.71,B,90
IC2,114.35,-84.85,B,180
L1,152.9,-118.4,B,-90
L2,143.74,-121.11,B,-90
L3,141.44,-113.91,B,-90
L4,120.55,-94.4,B,-90
R1,152.9,-114.15,B,-90
R2,143.74,-116.86,B,-90
R3,141.44,-109.66,B,-90
R4,152.64,-78.96,B,90
R5,138.19,-90.66,B,90
R7,153.99,-83.06,B,90
R8,141.04,-92.91,B,90
R9,155.34,-87.06,B,90
R10,143.79,-95.36,B,90
R11,115.95,-89.2,B,90
R12,113.05,-89.5,B,180
R13,108.45,-73.8,B,90
R14,108.45,-77.55,B,90
R15,107.9,-92.9,B,0
R16,106.45,-95.55,B,-90
R17,109.35,-95.55,B,-90
R18,109.65,-101.5,B,180
R19,106.45,-98.4,B,-90
T2,109.85,-98.95,B,0
U5,114.25,-75.7,B,270
