"Id";"Designator";"Footprint";"Quantity";"Designation";"Supplier and ref";
1;"C1";"C_0603_1608Metric";1;"CC0603KRX7R7BB104";;;
2;"C2";"C_1206_3216Metric_Pad1.33x1.80mm_HandSolder";1;"C3216X5R1E476M160AC";;;
3;"C3, C4";"C_1210_3225Metric";2;"CL32A226KOJNNNE";;;
4;"IC2";"SOT95P280X110-6N";1;"LMR51430YDDCR";;;
5;"ILI1";"ILI9488";1;"~";;;
6;"L1";"INDPM7166X300N";1;"PA4341.682ANLT";;;
7;"R1";"R_0603_1608Metric";1;"ERA-3AED104V";;;
8;"R2";"R_0603_1608Metric";1;"ERJ-3EKF1372V";;;
9;"R3, R4";"R_0603_1608Metric";2;"60";;;
10;"R5";"R_0402_1005Metric";1;"56.2k";;;
11;"R6";"R_0402_1005Metric";1;"22.1k";;;
12;"R7, R8";"R_0402_1005Metric";2;"100k";;;
13;"R9, R10";"R_0603_1608Metric_Pad0.98x0.95mm_HandSolder";2;"10k";;;
14;"R11";"R_1206_3216Metric";1;"CSR1206FT50L0";;;
15;"REF**";"Adafruit 254";1;"Adafruit 254";;;
16;"T1";"AC1210-110-C";1;"~";;;
17;"T2";"NCS2005SN1T1G";1;"~";;;
18;"U1";"Teensy40_SMT";1;"Teensy4.0";;;
19;"U2";"CONN08_533750810_MOL";1;"~";;;
20;"U3";"Adafruit 254";1;"~";;;
21;"U4";"ESP32";1;"~";;;
22;"U5";"D8_TEX";1;"TCAN1051VDRQ1";;;
